name,free_returns,items_sold,price,shipping,status
"Harman Kardon Onyx Studio 4 Wireless Bluetooth Speaker, Black",True,0,44995,0,Brand New
8inch 1000W Wireless Portable FM Bluetooth Speaker Heavy Bass Sound System Party,True,3436,3899,0,Brand New
Bestisan Bookshelf Active Speakers with Optical/RCA/Coax/USB 50W RMS Renewed,True,0,4499,0,New (Other)
Waterproof Bluetooth Speaker Wireless Portable Loud Stereo Bass USB/TF/FM Radio ,True,730,1495,0,Brand New
"Bose TV Speaker Home Theater Soundbar, Certified Refurbished",True,0,19900,0,Certified - Refurbished
JBL FLIP 5 Wireless Waterproof Portable Bluetooth Speaker,True,0,9995,0,Brand New
Surround Sound Bar 4 Speaker System Wireless BT Subwoofer TV Home Theater&Remote,True,,4090,0,Brand New
"Bose TV Speaker Home Theater Soundbar, Certified Refurbished",True,0,19900,0,Certified - Refurbished
"Bose SoundLink Mini II SE Outdoor Bluetooth Speaker, Certified Refurbished",True,0,14900,0,Certified - Refurbished
Sony EXTRA BASS Wireless Portable BLUETOOTH IP67 Waterproof Speaker â Black,True,0,17800,0,Certified - Refurbished
Apple HomePod mini Wi-Fi Bluetooth Wireless Siri Smart Speaker Excellent,True,0,6999,0,Excellent - Refurbished
Sony SRS-XG500 X-Series Wireless Portable-Bluetooth Party-Speaker,True,0,19900,0,Certified - Refurbished
"Bose Smart Soundbar 900 Home Theater, Certified Refurbished",True,0,79900,0,Certified - Refurbished
"Bose SoundLink Color Outdoor Bluetooth Speaker II, Certified Refurbished",True,0,9400,0,Certified - Refurbished
"Bose SoundLink Flex Outdoor Bluetooth Waterproof Speaker, Certified Refurbished",True,0,13400,0,Certified - Refurbished
Rockville RHB70 Home Theater Compact Powered Speaker System w Bluetooth/USB/FM,True,10000,4995,0,Brand New
New ListingSony SRSXB3 Portable Bluetooth Wireless Speaker - Black,True,,4700,1575,Pre-Owned
"Dual Electronics 4"" 3-Way Indoor / Outdoor Speakers - Pair - Black",True,744,3800,0,Brand New
Acoustic Audio 5.1 Bluetooth 6 Speaker System Home Theater Surround Sound NEW,True,149,9988,0,Brand New
Anker Soundcore Select2 Bluetooth Speaker Portable Outdoor Wireless Speaker IPX7,True,0,2363,0,Pre-Owned
"Bose SoundLink Mini II SE Outdoor Bluetooth Speaker, Certified Refurbished",True,0,14900,0,Certified - Refurbished
Bluetooth Speaker Wireless Portable Waterproof Outdoor Loud Stereo Bass USB FM,True,,1598,0,Brand New
Acoustic Audio 151B Indoor Outdoor 2 Way Speakers 600 Watt Black Pair,True,94,4188,0,Brand New
Retekess V115 Portable FM/AM SW Radio Digital Speaker MP3 Player Rechargeable US,True,,2299,0,Brand New
New Sonos INCLGWW1 In-Ceiling Speaker - Pair,True,247,31199,0,Brand New
New ListingBose SoundLink Wireless Bluetooth Mobile Speaker 404600,True,,225,2505,Pre-Owned
"Edifier R1280T Powered 2.0 Bookshelf Speakers, Tested S&D, Dual RCA inputs",True,0,4999,2042,New (Other)
Sony EXTRA BASS Wireless Portable BLUETOOTH IP67 Waterproof Speaker â Black,True,0,17800,0,Certified - Refurbished
Wireless Bluetooth 5.0 TV Sound Bar Home Theater Dual Speaker Subwoofer Soundbar,True,,2095,0,Brand New
JBL Charge 5 Portable Wireless Bluetooth Speaker- Black(JBLCHARGE5BLKAM),True,455,12999,0,Brand New
Apple HomePod mini Wi-Fi Bluetooth Wireless Siri Smart Speaker Excellent,True,0,6999,0,Excellent - Refurbished
(2) NEW SKAR AUDIO FSX65-4 6.5-INCH 4 OHM 300W MAX CAR PRO AUDIO SPEAKERS - PAIR,True,10000,4599,0,Brand New
Sony SRS-XG500 X-Series Wireless Portable-Bluetooth Party-Speaker,True,0,19900,0,Certified - Refurbished
New ListingBose 771420-0010 SoundWear Companion Speaker - Black,True,,8400,1710,Pre-Owned
"Apple iPad Air - 9.7-inch, Space Gray, 32GB, Wi-Fi Only, Exclusive Bundle Deal",True,6082,11900,0,Pre-Owned
Anker Soundcore Portable Wireless Bluetooth Speaker Stereo with Alexa Waterproof,True,0,2799,0,Brand New
5000W Portable Bluetooth Speaker Sub woofer Heavy Bass Sound System Party + Mic,True,144,5999,0,Brand New
Bluetooth Wireless Portable Speaker Waterproof Stereo Bass USB TF FM Radio LOUD,True,,1899,0,Brand New
Bluetooth Speaker Mini Portable AUX SD/TF FM Radio Indoor Outdoor Party Lights,True,,1774,0,Brand New
Bluetooth Speaker Wireless Waterproof Outdoor Stereo Bass USB/TF/FM Radio LOUD,True,,1435,0,Brand New
New ListingJBL Boombox Portable Bluetooth Speaker with charge cable - camouflage,True,,17900,3900,Pre-Owned
New ListingBose SoundDock Series I iPod Speaker Dock - White,True,,2500,3225,Pre-Owned
"Bose Smart Soundbar 900 Home Theater, Certified Refurbished",True,0,79900,0,Certified - Refurbished
Logitech Ultimate Ears MEGABOOM Wireless Bluetooth Waterproof Portable Speaker,True,,6995,0,Pre-Owned
JBL Charge 5 Portable Bluetooth Speaker System - Blue,True,0,13999,0,Brand New
New ListingUltimate Ears UE Roll 2 Waterproof Bluetooth Speaker - Atmosphere,True,,3800,1190,Pre-Owned
Bluetooth Speaker Wireless Waterproof Outdoor Stereo Bass USB/TF/FM Radio LOUD,True,,1399,0,Brand New
Rechargeable Wireless Stereo Super Bass Protable Waterproof Bluetooth Speaker,True,135,749,0,Brand New
Anker Soundcore Bluetooth Speaker Wireless Waterproof Bass Stereo Sound W/ Alexa,True,0,2799,0,Brand New
New ListingSVS Ultra Bookshelf Speaker - Piano Gloss Black,True,,60000,16136,Pre-Owned
"Bose SoundLink Color Outdoor Bluetooth Speaker II, Certified Refurbished",True,0,9400,0,Certified - Refurbished
JBL Charge 4 Portable Bluetooth Speaker  - Black (JBLCHARGE4BLKAM),True,0,5999,1961,Pre-Owned
JBL Boombox 2 Portable Bluetooth Speaker,True,0,9999,1999,Brand New
Ultimate Ears 984000839 WONDERBOOM Waterproof Bluetooth Speaker - Phantom Black,True,,2220,1346,Pre-Owned
"Bose SoundLink Flex Outdoor Bluetooth Waterproof Speaker, Certified Refurbished",True,0,13400,0,Certified - Refurbished
JBL Clip 3 Black Portable Bluetooth Speaker,True,508,4495,0,Brand New
JBL Boombox 3 Portable Waterproof Bluetooth Speaker - Black *BOOMBOX3BLK,True,0,39900,0,Brand New
Vizio M51 5.1 Dolby Atmos Premium Sound Bar with Wireless Subwoofer M51a-H6B ...,True,,17999,0,Pre-Owned
Logitech Z407 2.1 Bluetooth Computer Speaker System W/ Wireless Control 80 WATT,True,226,8120,0,Brand New
New ListingSony SRS-XB32/B Portable Waterproof Bluetooth Speaker - Black,True,,1500,299,Pre-Owned
Portable Wireless bluetooth speaker Booming bass Loud speaker Waterproof outdoor,True,,3999,0,Brand New
New ListingJBL Flip 4 Waterproof Portable Bluetooth Speaker Gray color,True,0,3600,950,Pre-Owned
"Bose Solo 5 TV Sound System Home Theater, Certified Refurbished",True,0,13900,0,Certified - Refurbished
Soundcore 2 Wireless Bluetooth Speaker Portable Outdoor Stereo Sound⁣| Refurbish,True,0,1999,0,Certified - Refurbished
Vizio M51 5.1 Dolby Atmos Premium Sound Bar with Wireless Subwoofer M51a-H6B ...,True,0,18999,0,Good - Refurbished
Soundcore Select Pro Portable Bluetooth Speaker LED BassUp Outdoor Camping IPX7,True,0,7699,0,Certified - Refurbished
Anker Soundcore Rave Neo Bluetooth Party Speaker LED Portable Bassup Speaker 18h,True,0,5635,0,Certified - Refurbished
"Bose SoundLink Revolve II Outdoor Bluetooth Speaker, Certified Refurbished",True,0,16900,0,Certified - Refurbished
JBL CHARGE 5 - Portable Bluetooth Speaker with IP67 Waterproof - Camo ,True,321,11999,0,New (Other)
Samsung SWA-9500S Wireless Rear Speakers for Select Soundbars *SWA9500,True,0,19760,0,New (Other)
JBL Flip 6 Portable Waterproof Speaker  - Blue  NEW *FLIP6BLU,True,0,8999,0,Brand New
Wireless Bluetooth 5.0 TV Sound Bar Home Theater Wall Mount Subwoofer Soundbar ,True,,4090,0,Brand New
Sony SRS-XB13 Extra BASS Wireless Portable Speaker - Black - 1 Year Warranty,True,82,2500,0,New (Other)
"Dell Chromebook 11 3189 Touchscreen Laptop 2-in-1 11.6"" Celeron 4GB Ram 32GB SSD",True,0,5969,0,Good - Refurbished
"2x8"" 5000W Portable Bluetooth Speaker Sub woofer Heavy Bass Sound System Party",True,333,7999,0,Brand New
"4 DS18 PRO-GM6B 6.5"" Midrange Car Speakers 4 PRO-TWX1/BK Aluminum Super Tweeters",True,716,19495,0,Brand New
"4X Pioneer TS-165P 6.5"" 2-Way Coaxial Car Audio Speakers 6-1/2"" Bulk Pack NEW",True,,4490,0,New (Other)
8'' 1500W Portable FM Bluetooth Speaker Subwoofer Heavy Bass Sound System Party,True,166,3799,0,Brand New
"Bose Portable Home Speaker Bluetooth, Certified Refurbished",True,0,28900,0,Certified - Refurbished
Bose SoundLink Flex Bluetooth Speaker - White Smoke Brand New,True,,9000,1710,Brand New
Anker Soundcore2 Portable Bluetooth Speaker Outdoor BassUp Stereo Pairing|Refurb,True,0,2399,0,Certified - Refurbished
Bluetooth Speaker Portable Wireless Outdoor Stereo Bass Music USB/TF/FM Radio,True,,1369,0,Brand New
"Alpine DDT-S30 360W 2.5CM 1"" Soft Dome Balanced Car Audio Speakers Tweeters NEW",True,,1599,0,Brand New
Logitech UE Megaboom 3 Portable Wireless Bluetooth Speaker - Night Black,True,0,11888,0,Excellent - Refurbished
Anker PowerConf Bluetooth Conference Speaker Meeting Speakerphone 6 Mics| Refurb,True,0,3899,0,Certified - Refurbished
JBL JBLPARTYBOX310AM-Z PartyBox 310 Bluetooth Speaker - Certified Refurbished,True,0,39499,0,Certified - Refurbished
Loud speaker Portable Bluetooth Waterproof Speaker HIFI Wireless Stereo Bass Red,True,,1119,0,Brand New
Bose SoundLink Flex Bluetooth Speaker - White Smoke Brand New,True,,9000,1710,Brand New
Anker Soundcore2 Portable Bluetooth Speaker Outdoor BassUp Stereo Pairing|Refurb,True,0,2399,0,Certified - Refurbished
Rockville RockShip 50 Watt Portable Bluetooth Speaker w/LED Lights+Radio/USB/AUX,True,2259,4995,0,Brand New
"Soundcore Rave PartyCast Portable Speaker LED Light Bass-Up IPX7 for Camping,80W",True,0,9999,0,Certified - Refurbished
"Bose Portable Home Speaker Bluetooth, Certified Refurbished",True,0,28900,0,Certified - Refurbished
Anker Soundcore Mini 3 Pro Portable Bluetooth Speaker Outdoor BassUp Sound IPX7,True,0,2090,0,Certified - Refurbished
Soundcore Motion+ Portable HiFi Bluetooth Speaker IPX7 Outdoor BassUp 30W|Refurb,True,0,6545,0,Certified - Refurbished
For JBL Go 3 Portable Bluetooth Waterproof Speaker - 4 Colors,True,,2849,0,New (Other)
JBL Charge 4 Black Open Box Bluetooth Speaker,True,0,8997,0,New (Other)
"Dell i5 Desktop Computer PC | up to 16GB RAM, 3TB SSD | Windows 10 Pro | WiFi BT",True,0,9900,0,Excellent - Refurbished
Surround Sound 2 Speaker Wireless Bluetooth Bar System Subwoofer TV Home Theater,True,,2095,0,Brand New
JBL JBLPARTYBOX100AM-Z PartyBox Standing Bluetooth Speaker Certified Refurbished,True,0,26800,0,Certified - Refurbished
JBL JBLPARTYBOXGOBAM-Z On-The-Go Portable Speaker - Certified Refurbished,True,0,22500,0,Certified - Refurbished
LOUD Bluetooth Speaker Wireless Waterproof Outdoor Stereo Bass USB/TF/FM Radio,True,,1199,0,Brand New
"4x New Cerwin Vega XED650 6.5"" Component Car Speakers 6-1/2"" Tweeters Crossovers",True,698,8399,0,Brand New
Stereo Sound Computer Speakers 3.5mm USB Clip-On Soundbar for Desktop Laptop PC,True,,1199,0,Brand New
JBL Flip 5 Black Portable Bluetooth Speaker,True,71,9995,0,Brand New
Kanto YU4 140W Powered Bookshelf Speakers w/ Bluetooth - Pair *YU4MB,True,,27900,0,Brand New
BUGANI Bluetooth Speaker M83 40W Waterproof Wireless Portable Outdoor Speakers ,True,,4569,0,Brand New
Black Bluetooth Speaker Wireless Waterproof Outdoor Stereo Bass USB/TF/FM Radio,True,236,1486,0,Brand New
Harman Kardon Onyx Studio 7 Bluetooth Wireless Portable Speaker In Retail,True,0,13997,1997,New (Other)
JBL FLIP 5 Portable Waterproof Speaker -Certified Refurbished,True,0,7199,0,Certified - Refurbished
JBL Flip 5 Portable Waterproof Bluetooth Speaker -Teal (JBLFLIP5TEALAM),True,,8999,0,Brand New
JBL Xtreme 3 - Portable Bluetooth Speaker - Camo *XTREME3CAMO,True,0,22900,0,Brand New
Bluetooth Wireless Portable Speaker Waterproof Stereo Bass USB TF FM Radio LOUD,True,,1899,0,Brand New
Bluetooth Speaker Wireless Waterproof Outdoor Stereo Bass USB/FM Radio LOUD,True,2232,1847,0,Brand New
4K 1080P WiFi Bluetooth Mini LED Home Theater Projector Cinema Soundbox Speaker,True,68,7995,0,Brand New
Logitech UE WONDERBOOM 2 Portable Bluetooth Speaker Deep Space,True,0,5888,0,Excellent - Refurbished
JBL Charge 4 Portable Waterproof Wireless Bluetooth Speaker Authentic,True,305,9195,0,New (Other)
Soundcore Motion Boom Plus Portable Outdoor Speaker 80W Booming Sound Camping,True,0,17999,0,Brand New
Roku 3930R Multimedia Streaming Stick Express w/ 1080p Resolution ,True,4169,2299,0,Brand New
Altec Lansing SoundRover Wireless Trolley Bluetooth Party Speaker - Refurbished,True,0,9980,0,Certified - Refurbished
JBL FLIP 5 Waterproof Bluetooth Speaker - Eco Blue,True,0,6499,0,New (Other)
Logitech Z407 2.1 Bluetooth Computer Speaker System W/ Wireless Control 80 WATT,True,,7504,0,New (Other)
Portable Wireless Bluetooth Speaker Super Bass Stereo Radio HIFI FM TF AUX USB,True,,2099,0,Brand New
"NEW SKAR AUDIO RPX46 4"" x 6"" 2-WAY 150 WATT MAX CAR AUDIO COAXIAL SPEAKERS PAIR",True,139,3599,0,Brand New
AOMAIS Sport II Plus Bluetooth Speaker Portable Outdoor Wireless Waterproof 30HR,True,,1099,0,Brand New
JBL FLIP 4 Black Open Box Waterproof Bluetooth Speaker,True,0,6997,0,New (Other)
JBL - GO3 Portable Waterproof Wireless Speaker - Blue *GO3BLU,True,0,2700,0,Brand New
Bluetooth Speaker Wireless Waterproof Outdoor Stereo Bass USB/TF/FM Radio LOUD,True,,1468,0,Brand New
JBL Clip 4 Portable Bluetooth Speaker ,True,53,5495,0,Brand New
"Bose SoundLink Revolve+ II Outdoor Bluetooth Speaker, Certified Refurbished",True,0,22900,0,Certified - Refurbished
Bluetooth Transmitter & Receiver Wireless Adapter For Home stereos/speakers,True,,987,0,Brand New
JBL Charge 4 Waterproof Portable Bluetooth Speaker BLACK,True,0,8997,0,New (Other)
Apple HomePod Wireless WiFi Smart Speaker/Voice Enabled Assistant SIRI Excellent,True,0,22999,0,Excellent - Refurbished
"Pair Crunch CS693 6x9"" Car Audio 3-Way Speakers 400 Watts Max",True,158,3195,0,Brand New
JBL Charge 5 Portable Waterproof Bluetooth Speaker with Powerbank,True,,13699,0,Brand New
5800W Watt 4 Channel Car Truck Amplifier Stereo Audio Speaker Amp System Device,True,,5499,0,Brand New
"BUGANI M118 Portable Wireless Bluetooth Speaker 50W High Volume,IPX 7,Power Bank",True,,5979,0,Brand New
Victrola Vintage 3-Speed Bluetooth Suitcase Record Player with Built-in Speakers,True,,3195,0,Refurbished
Klipsch CDT-5650-C II In-ceiling Main / Stereo Speaker - White NEW,True,787,14995,0,Brand New
"Bose SoundLink Micro Outdoor Bluetooth Waterproof Speaker, Certified Refurbished",True,0,8900,0,Certified - Refurbished
JBL Charge 5 Portable Wireless Bluetooth Speaker - Blue *CHARGE5BLU,True,0,11900,0,Brand New
"Bugani M90 Portable Wireless Bluetooth Speaker with 30W Stereo Sound, Deep Bass",True,,3999,0,Brand New
PC Computer Speakers 2.0 Stereo USB 3.5 mm Jack Desktop Laptop Clear Sound US,True,,1199,0,Brand New
JBL Charge 4 Portable Waterproof Wireless Bluetooth Speaker ,True,94,9299,0,New (Other)
Anker Soundcore Motion Boom Plus Portable Bluetooth Speaker Outdoor 80W |Refurb,True,0,14099,0,Certified - Refurbished
"JBL GTO629 6.5"" GTO 2-Way Grand Touring Series Coaxial Car Audio Speakers",True,1183,8795,0,Brand New
Ultimate Ears WONDERBOOM 2 Ultraportable Bluetooth Speaker  Bermuda Blue Sealed,True,0,6800,0,Brand New
Wireless Portable FM Bluetooth Speaker Subwoofer Heavy Bass Sound System Party,True,,4297,0,Brand New
Clip 3 Portable Waterproof Wireless Bluetooth Speaker NEW,True,330,689,0,Brand New
Wireless Portable bluetooth Speaker Stereo Super Bass HIFI AUX USB TF FM Music,True,,1999,0,Brand New
Ultimate Ears MEGABOOM EXC Waterproof  Floats Speaker 984-001714 Black Bluetooth,True,,9499,0,Brand New
USB Power Wired Computer Speakers Stereo Bass 3.5mm Jack For Desktop PC Laptop,True,,1155,0,Brand New
"RCA Projector 2000 LM 480p, 1080P Up to 150"" image RPJ136 Certified Refurbished",True,0,3501,0,Certified - Refurbished
Anker Soundcore 2 Portable Bluetooth Speaker Stereo Bass Waterproof for Outdoor,True,0,3999,0,Brand New
Soundcore Boost Portable Wireless Bluetooth Speaker BassUp Waterproof| Refurb,True,0,4699,0,Certified - Refurbished
5000W Portable Bluetooth Speaker Sub woofer Heavy Bass Sound System Party + Mic,True,,4299,0,Brand New
JBL Xtreme 2 Wireless Speaker Black Waterproof Bluetooth Stereo Extreme,True,,16999,0,New (Other)
3000 Watts Wireless Portable Party Bluetooth Speaker With Microphone & Remote,True,35,4999,0,Brand New
Rechargeable Portable Bluetooth Wireless HIFI Speaker AUX/USB/TF Card Super Bass,True,307,1363,0,Brand New
Rechargeable Portable Bluetooth Wireless HIFI Speaker AUX/USB/TF Card Super Bass,True,307,1363,0,Brand New
Bluetooth Speaker Wireless Waterproof Outdoor Stereo Bass USB/TF/FM Radio LOUD,True,,1449,0,Brand New
"Pair of Deaf Bonce Apocalypse 6.5"" Midrange Speakers 520 Watt 4 Ohm AP-M61SE",True,0,9990,0,Brand New
Bluetooth Speaker Wireless Waterproof Outdoor Stereo Bass USB/TF/FM Radio LOUD,True,,2754,0,Brand New
JBL Xtreme 2 Wireless Speaker Black Waterproof Bluetooth Stereo Extreme,True,,16999,0,New (Other)
Skar Audio 14 Gauge CCA Car Audio Speaker Wire - 100 Feet (Matte Brown/Blue),True,306,2099,0,Brand New
"Bitty Boomers Disney Princess Bitty Boomers Bluetooth Speakers Ariel, Jasmine",True,0,1995,0,Brand New
Brand New Sealed Bose SoundLink Color Bluetooth speaker II - Soft black,True,0,9995,0,Brand New
JBL Boombox 2 Portable Bluetooth Speaker - Black,True,,18000,0,Brand New
Sony SRS-XB13/B Extra Bass Portable Bluetooth Speaker Wireless SRSXB13 Black ,True,0,2400,0,New (Other)
Google Home Mini Smart Speaker with Google Assistant - Chalk (GA00210-US),True,5541,1999,0,New (Other)
JBL Charge 5 Portable Wireless Bluetooth Speaker- Red(JBLCHARGE5REDAM),True,115,12999,0,Brand New
Portable Bluetooth MP3 Player MP4 Media FM Radio Recorder HIFI Music Speakers,True,70,2199,0,Brand New
"Kicker 46CSC654 CS Series 6.5"" 2 Way Coaxial Car Speakers",True,82,7196,0,Brand New
Outdoor Waterproof Bluetooth Speaker Wireless Stereo Super Bass USB/TF/FM Radio,True,,749,0,Brand New
Logitech UE WONDERBOOM 2 Portable Bluetooth Speaker Crushed Ice Gray,True,0,5888,0,Excellent - Refurbished
Bluetooth Speaker BUGANI M83 Portable Wireless Outdoor Waterproof 40W SuperPower,True,,4969,0,Brand New
Anker Soundcore Mini Super-Portable Bluetooth Speaker Bass Noise-Cancelling Mic,True,0,2499,0,Brand New
"Amazon Echo Show 5"" smart display with Alexa – 2nd Generation 2021 Newest Model",True,5789,3995,0,Brand New
JBL - GO3 Portable Waterproof Wireless Speaker - Black *GO3BLK,True,,2799,0,Brand New
New ListingBose SoundLink Flex Bluetooth Speaker Black 865983-0100 - SEALED BRAND NEW,True,,11999,0,Brand New
JBL Clip 3 Rechargeable Waterproof Portable Bluetooth Speaker Black,True,0,2777,495,New (Other)
Replacement Micro USB Charging Port Jack Connector JBL FLIP 3 Bluetooth Speaker,True,,399,0,Brand New
JBL Clip 4 Portable Bluetooth Speaker Waterproof and Dustproof IP67 - Colors,True,0,4945,0,Brand New
Marshall Emberton II Portable Bluetooth Wireless Speaker IP67 Water Black Brass,True,,13999,0,Brand New
JBL Clip 3 Black Camo Portable Bluetooth Speaker,True,176,4495,0,Brand New
JBL Party Box 710 Bluetooth Speaker JBLPARTYBOX710AM-Z - Certified Refurbished,True,0,59399,0,Certified - Refurbished
New ListingBose SoundLink Bluetooth Speaker  Wireless Speaker Charger Included Model 404600,True,,9700,0,Pre-Owned
Harman Kardon Onyx Studio 6 Waterproof Bluetooth Speaker - Black- BRAND NEW,True,,27999,0,Brand New
"Alpine SXE-6926S 280W 6 x 9"" 2-Way Coaxial Car Speakers w/ Grilles",True,330,4495,0,Brand New
LOUD Bluetooth Speaker Wireless Waterproof Outdoor Stereo Bass USB/TF/FM Radio,True,,1199,0,Brand New
NEWLY USB Power Wired Computer Speakers Stereo 3.5mm Jack For Desktop PC Laptop,True,,1299,0,Brand New
"Sony XS-R4646 4 x 6"" (10 x 15 cm) 4-way speakers - High-power handling  ",True,,2499,0,Refurbished
"New ListingNew in box, Groove Onn. Mini rugged Speaker Bluetooth, water resistant",True,,1900,590,Brand New
JBL PartyBox On-The-Go Portable Karaoke Party Speaker,True,64,22999,0,New (Other)
Bose SoundLink Mini II Special Edition Speaker Bluetooth Free Fast Ship,True,0,15400,0,Brand New
"New sealed JBL Clip 3 Portable Waterproof Wireless Bluetooth Speaker, Black",True,,3699,0,Brand New
"NEW JBL GTO629 180 Watts GTO Series 6.5"" 2-Way Coaxial Car Audio Speakers 6-1/2""",True,,8790,0,Brand New
Dell Laptop Latitude Intel Core i5 16GB RAM 1TB HDD WIFI HDMI Windows 10 Pro PC,True,0,12999,0,Good - Refurbished
"DS18 SLC-N65X 6.5"" 4 Way Car Stereo Speakers 400W Max 4 ohm Coaxials (Set of 2)",True,1692,2995,0,Brand New
Amazon Echo Dot 4th Gen 2021 Smart speaker w/ clock Alexa Glacier white or Blue,True,,5199,0,Brand New
New ListingNew Groove: Onn. Rugged Bluetooth Speaker,True,,1890,1115,Brand New
Apple iPad Air 1st Gen A1474 32GB Wi-Fi 9.7in Tablet Space Gray iOS 12 - Good,True,0,5999,0,Good - Refurbished
Sony SRS-XG300/B X-Series Wireless Portable-Bluetooth Party-Speaker,True,0,16900,0,Certified - Refurbished
RCA 100ft 18-Gauge Speaker Wire,True,1150,1299,0,Brand New
"Bose Soundbar 700 Home Theater, Certified Refurbished",True,0,52900,0,Certified - Refurbished
Stereo Bass Sound Computer Speakers Subwoofer3.5mm USB Wired for Desktop Laptop,True,,2099,0,Brand New
3.5mm Mini USB Wired Computer Speakers Stereo Bass For PC Laptop Desktop,True,,873,0,Brand New
"RCA Home Theater Projector with 100"" Fold Up Screen Certified Refurbished",True,0,3999,0,Certified - Refurbished
USA Marshall - Emberton Portable Bluetooth Speaker - Black & Brass,True,0,11599,0,New (Other)
New ListingJBL GO 2 Portable Wireless Speaker,True,,1400,199,Brand New
Soundcore Select 2 Wireless Bluetooth Speaker Bass Waterproof 16W | Refurbished,True,0,3099,0,Certified - Refurbished
"JBL Flip 3, Flip 4, Flip 5, & 6 Bluetooth Speaker Display Stand Sound Enhancing",True,,1195,195,Brand New
Marshall - Stockwell II Portable Bluetooth Speaker - Black & Brass,True,,,0,Brand New
Mini Portable Bluetooth Speaker Rechargeable Wireless Stereo Bass USB/TF/FM Mode,True,,895,0,Brand New
New ListingJBL Clip 4 Portable Bluetooth Speaker - Black - Brand New,True,,4500,0,Brand New
Soundcore Motion+ Portable Wireless Bluetooth Speaker Bass Hi-Res Waterproof 30W,True,0,10699,0,Brand New
Victrola Jukebox with Bluetooth and CD Player,True,0,3495,0,Pre-Owned
AOMAIS Sport II Plus Bluetooth Speaker Portable Outdoor Wireless Waterproof 30HR,True,,2499,0,Brand New
"New ListingEcoXGear EcoEdge Pro Waterproof Bluetooth Speaker LED Smart, 20W Black - NEW",True,,3399,0,Brand New
Harman Kardon Astra Wireless Voice-activated Speaker With Amazon Alexa,True,309,3997,1297,New (Other)
JBL FLIP 4 Black Portable Bluetooth Speaker,True,82,7995,0,Brand New
New ListingJBL Flip 5 Portable Waterproof Bluetooth Speaker Black (1070384),True,,4999,999,Pre-Owned
600DB 12V Dual Trumpets Super Loud Car Electric Horn Truck Boat Train Speaker,True,,2199,0,Brand New
2x Universal Car Stereo Speaker Audio 1000W Dome Tweeter 4Ω Super Power Loud 12V,True,,928,0,Brand New
JBL Flip 5 Wireless Portable Waterproof Bluetooth Stereo Speaker Black BLACK PB,True,,6997,0,New (Other)
Anker Soundcore Boost Bluetooth Speaker Bass Wireless Stereo Waterproof Outdoor,True,0,5999,0,Brand New
 Bluetooth Speaker Mini Portable AUX SD/TF FM Radio Indoor Outdoor Party Lights,True,,1499,0,Brand New
QFX Dual Speakers True Wireless Stereo System (PBX-808TWS) - LN™,True,,8962,0,New (Other)
JBL Xtreme 3 Portable Waterproof Wireless Bluetooth Speaker - Black,True,114,29999,0,Brand New
JBL Flip 5 Wireless Portable Waterproof Bluetooth Stereo Speaker All Colors,True,,7995,0,Brand New
Amazon Echo Dot 4th Gen Smart speaker with Alexa White Charcoal Blue NEW LATEST,True,,3899,0,Brand New
TR602 Portable FM/AM Radio Bluetooth Speaker MP3 Player Digital Rechargeable US,True,,2599,0,Brand New
Projector 7500 Lumens 1080P LED Mini WiFi Video Home Theater Cinema Projectors,True,,5998,0,Brand New
New ListingJBL Xtreme 2 Rugged/Waterproof Bluetooth Wireless Speaker - Black [DM140],True,,14999,0,Pre-Owned
Waterproof Bluetooth Speaker Wireless Portable Loud Stereo Bass USB/TF/FM Radio,True,,1099,0,Brand New
2x Audiotek K7 6x9 700 Watt 5-Way Red Car Audio Stereo Coaxial Speakers- K69.5,True,,4299,0,Brand New
600DB 12V Dual Trumpets Super Loud Car Electric Horn Truck Boat Train Speaker,True,,2199,0,Brand New
"2-Pack RCA Male to 2 RCA Female Audio Speaker Adapter Y Splitter Cable 12"" Inch",True,,399,0,Brand New
Amazon Echo Dot 4th Gen Smart speaker with Alexa White Charcoal Blue NEW LATEST,True,,3899,0,Brand New
TR602 Portable FM/AM Radio Bluetooth Speaker MP3 Player Digital Rechargeable US,True,,2599,0,Brand New
Portable Bluetooth MP3 MP4 Player HIFI Music Speakers Media FM Radio Recorder 8G,True,,2299,0,Brand New
JBL Charge 5 Gray Bluetooth Speaker (Certified Refurbished),True,0,11900,0,Certified - Refurbished
Bose SoundLink Revolve Bluetooth Speaker,True,,19299,0,Brand New
"Kicker DS Series 6.5"" 2-Way 240W Car Speakers *43DSC6504",True,12,5860,0,New (Other)
Renewgoo GlowGoo Speaker Portable Bluetooth Wireless Waterproof LED Light Show,True,,4995,0,Brand New
New ListingBeats By Dre Beatbox Portable Wireless Bluetooth Speaker Red. w/NFC. Full Size.,True,,22500,2800,Pre-Owned
JBL CHARGE 5 - Portable Bluetooth Speaker with IP67 Waterproof - Grey,True,168,11999,0,New (Other)
New ListingUltimate Ears WONDERBOOM Waterproof Bluetooth Speaker - Phantom Black [DM270],True,,2999,0,Pre-Owned
"Dell i7 Desktop Computer PC | up to 32GB RAM, 3TB SSD | Windows 10 Pro | WiFi BT",True,0,14900,0,Very Good - Refurbished
Pair Rockville RVES1 Adjustable Tripod DJ PA Speaker Stands+Carry Bag/Universal,True,2069,4995,0,Brand New
"Vizio V51-H6 36"" V-Series 5.1 Home Theater Sound Bar (IL/RT6-15098-V51-H6-UA)",True,0,12999,0,Good - Refurbished
"NEW BLAUPUNKT 6.5"" 4-WAY CAR AUDIO COAXIAL SPEAKERS (PAIR) 6-1/2 720W MAX 4 OHMS",True,0,3399,0,Brand New
JBL Charge 3 Waterproof Portable Bluetooth Speaker - Black Color,True,2522,9995,0,Brand New
"Magnetic Levitating Bluetooth Speaker, Levitating UFO Speakers with LED",True,0,12439,0,Brand New
Amazon Echo Dot - 2nd Generation - Smart Speaker - Alexa Enabled - Black,True,,1899,0,New (Other)
JBL Flip 5 Gray Portable Bluetooth Speaker,True,,9995,0,Brand New
Lenovo Smart Bedroom Starter Kit Clock Gen 2 Grey + Color Smart Bulb ,True,282,2621,0,New (Other)
New ListingTzumi Mini Bluetooth Speaker,True,,600,500,Pre-Owned
Logitech Z130 Full Stereo Sound 3.5mm Jack Compact Laptop Speakers (980-000417),True,,1792,0,Open Box
Sony XB33 Portable Bluetooth Speaker - Black  Free Shipping,True,,9000,0,Brand New
24Pcs Gold 24K Male Banana Plugs Audio Jack Speaker Wire Cable Screw Connector,True,2244,929,0,Brand New
Ultimate Ears UE Wonderboom Portable Wireless Bluetooth Speaker Waterproof Black,True,0,4997,797,New (Other)
"Dell i7-6700 Desktop Computer PC | up to 32GB RAM, 3TB SSD | Windows 11 or 10",True,0,18900,0,Excellent - Refurbished
New ListingSony SRS-XB22 EXTRA BASS Portable Bluetooth Speaker - Blue [DL258],True,,2999,0,Pre-Owned
JBL GO 2 - 3 Colors to Choose From - Ships FREE,True,,2395,0,New (Other)
Mini Portable Wireless Bluetooth Speaker Small Selfie Loud Sound Radio Player,True,,1169,0,Brand New
Victrola All-in-1 Bluetooth Record Player with Built in Speakers Turntable,True,0,3195,0,Certified - Refurbished
Bluetooth 5.0 Audio Receiver USB 3.5mm AUX Adapter Car TV PC Speaker,True,1791,533,0,Brand New
New For JBL Go 3 Portable Bluetooth Waterproof Speaker - 5 Colors Free Shipping,True,0,2659,0,Brand New
onn. Medium Party Speaker with LED Lighting,True,,7700,0,Brand New
"Kove Commuter 2 -  Bluetooth Speakers, Portable, Wireless, 2.5lb",True,,6995,0,Brand New
"Oontz Angle 3 PORTABLE WIRELESS BLUETOOTH SPEAKER""BRAND NEW""",True,,2220,0,Brand New
Soundcore Wireless Portable Bluetooth Speaker Bassup Stereo Sound 24h Waterproof,True,0,2999,0,Brand New
100 Ft 18 Gauge Black Red Speaker Cable Car Home Audio Zip Power Ground Wire,True,2746,1595,0,Brand New
NEW SoundWorks OontZ Angle 3 ULTRA Bluetooth Speaker -Black,True,107,2499,400,New (Other)
New ListingDiamondBoxx Battery Powered Subwoofer for Party Speaker,True,,38000,,New (Other)
Bushnell Outdoorsman Bluetooth Speaker,True,,4000,1599,Brand New
"PIONEER TS-F1634R 6.5"" 200W CAR FULL RANGE AUDIO STEREO SPEAKERS",True,320,2995,0,Brand New
Kanto YU6 Powered Speakers w/ Bluetooth & Phono Preamp Matte Black -Pair *YU6MB,True,,34900,0,Brand New
JBL Go 3 Portable Bluetooth Waterproof Speaker,True,214,2995,0,Brand New
New ListingSony SRSXB43L Portable Wireless Speaker System - Black,True,,15800,1175,Brand New
"Microsoft Surface Pro 3 Wi-Fi, 12in - Silver 64/128/256 GB i3/i5/i7 Processor",True,972,15999,0,Pre-Owned
"New Amazon Alexa Echo Dot 4th Generation B7W64E, Compact Smart Speaker",True,,3899,0,Brand New
New ListingHarman Kardon Onyx Studio 6 Waterproof Bluetooth Speaker - Black- BRAND NEW,True,,21999,1440,Brand New
 Zvox Multi Level Remote Control for AccuVoice TV Speakers & Soundbars (OEM) NEW,True,77,3995,0,Brand New
Apple HomePod White or Gray Smart Speaker A1639,True,112,23995,0,Pre-Owned
Bose - SoundLink Color Portable Bluetooth Speaker II - Citron,True,,,0,Brand New
Waterproof Wireless Bluetooth Speaker TG157,True,,1399,0,Brand New
For iPhone X XR XS Max 11 12 Pro OLED LCD Touch Screen Display Replacement LOT,True,,3975,0,Brand New
Wireless LOUD Bluetooth Speaker Waterproof Outdoor Stereo Bass USB/TF/FM Radio,True,,1199,0,Brand New
Microsoft 1990 Modern USB-C Speaker System - Black 8KZ-00001 ,True,0,4299,0,Pre-Owned
"Battery for Harman Kardon Onyx Studio 1, 2 and 3 Wireless Bluetooth Speaker",True,,1399,0,Brand New
Sony XB13 EXTRA BASS Portable IP67 Waterproof Dustproof Wireless Speaker Black,True,,2821,0,New (Other)
"Dell i5 Desktop Computer PC | up to 16GB RAM, 3TB SSD | Windows 7 or 10 | WiFi",True,0,8900,0,Good - Refurbished
JBL Clip 4 Portable Waterproof Wireless Bluetooth Speaker Blue,True,138,4695,0,Brand New
"New Pair of Cerwin Vega XED693 6x9"" 3-Way Coaxial Car Speakers 6"" x 9""",True,,4490,0,Brand New
"New Listing(Brand New) WONDERBOOM 2 Portable Bluetooth Speaker, Waterproof - Ice Gray",True,,5899,1020,New (Other)
Apple HomePod Large Smart Speaker A1639 White or Space Gray BRAND NEW SEALED ✅✅✅,True,409,39998,0,Brand New
***Brand New*** JBL Pulse 4 Portable Bluetooth Speaker - Black,True,,12500,1265,Brand New
 JTEMAN Cell Phone iPad Stand Wireless Bluetooth compact Speaker HD Sound L9,True,,1995,0,Brand New
Mac Mini Desktop Late 2014 | 3.0 i7 16GB 256 SSD PCIE Refurbished - Very Good,True,0,26900,0,Very Good - Refurbished
Soundcore B3127Z11 Mini 3 Pro Portable Bluetooth Speaker 2-Pack Black 15H,True,,3700,0,Brand New
Google Home - Smart Home Speaker with Google Assistant - White Slate (Renewed),True,,3499,0,Pre-Owned
JBL CHARGE 5 Portable Bluetooth Speaker with IP67 Waterproof and USB Charge Out,True,0,11999,0,Pre-Owned
Kwik Trip Collectible Speaker ARI,True,,2499,0,Pre-Owned
JBL Flip 5 IPX7 Waterproof Portable Wireless Bluetooth Speaker Camouflage Squad,True,1418,8995,0,Brand New
JBL Flip 6 Portable Waterproof Bluetooth Speaker - Blue (JBLFLIP6BLUAM),True,,10499,0,Brand New
"2 x Pair Deaf Bonce Apocalypse 6.5"" 1200W 4-Ohm Midrange Speakers Black M60SQL",True,0,21980,0,Brand New
100' Feet 16 GA Gauge Red Black 2 Conductor Speaker Wire Audio Cable Audiopipe,True,1890,1895,0,Brand New
